#{"t_start": 1595690203.6552317, "env_id": "donkey-generated-track-v0"}
r,l,t
153.264256,243,15.341153
762.288889,308,35.414367
787.280187,314,55.368959
