#{"t_start": 1614937615.306725, "env_id": "EnduroNoFrameskip-v4"}
r,l,t
797.0,39936,19.760402
774.0,39936,36.865088
1259.0,66560,65.256766
1032.0,53248,87.962597
984.0,53248,110.666455
971.0,53248,133.364271
1093.0,53248,156.086944
961.0,53248,178.782423
975.0,53248,201.486932
772.0,39936,218.450948
1342.0,66560,246.65753
