#{"t_start": 1615798755.7603855, "env_id": "EnduroNoFrameskip-v4"}
r,l,t
4693.0,133120,54.108688
2582.0,119808,99.796636
4931.0,146432,155.525393
1989.0,93184,190.736086
1961.0,93184,226.100894
