#{"t_start": 1614937878.9643338, "env_id": "EnduroNoFrameskip-v4"}
r,l,t
773.0,39936,18.466804
1076.0,53248,39.507428
1022.0,53248,60.545804
1049.0,53248,81.489567
792.0,39936,97.197674
1012.0,53248,118.132145
771.0,39936,133.855354
785.0,39936,149.558964
484.0,26624,160.020037
788.0,39936,175.723603
792.0,39936,191.440947
784.0,39936,207.150612
433.0,26624,217.608288
1072.0,53248,238.547646
